epoch,batch,loss_total,loss_rot,loss_scale,mAP15,mAP30
1,0,0.6210465431213379,0.5820497274398804,0.03899681568145752,0.5,0.625
1,1,0.7005642056465149,0.6957063674926758,0.0048578474670648575,0.375,0.5
1,2,0.9360190629959106,0.9228833913803101,0.01313568651676178,0.375,0.375
1,3,0.2193102389574051,0.21229110658168793,0.007019132375717163,0.75,0.875
1,4,0.7396066784858704,0.7338050007820129,0.005801685154438019,0.5,0.5
1,5,0.7427071928977966,0.7353160381317139,0.00739117618650198,0.375,0.5
1,6,0.7589304447174072,0.7433378100395203,0.015592610463500023,0.375,0.5
1,7,0.3467855751514435,0.3043573498725891,0.04242823272943497,0.5,0.75
1,8,0.7927188277244568,0.7843854427337646,0.008333401754498482,0.375,0.375
1,9,1.0989655256271362,1.087794303894043,0.011171231046319008,0.25,0.25
1,10,0.47091323137283325,0.4545974135398865,0.016315802931785583,0.375,0.625
1,11,0.4132590591907501,0.40070420503616333,0.012554848566651344,0.625,0.75
1,12,0.5679578185081482,0.5505117177963257,0.01744609884917736,0.625,0.625
1,13,0.7797113656997681,0.7297725677490234,0.04993876814842224,0.5,0.5
1,14,0.5753331184387207,0.564293622970581,0.011039516888558865,0.625,0.625
1,15,0.5379765033721924,0.5320431590080261,0.005933322943747044,0.5,0.625
1,16,1.1292208433151245,1.1236590147018433,0.005561802536249161,0.0,0.25
1,17,0.5834503173828125,0.5765210390090942,0.0069293063133955,0.625,0.625
1,18,0.5652937889099121,0.5591146945953369,0.006179118528962135,0.625,0.625
1,19,0.7551590800285339,0.735810399055481,0.019348708912730217,0.5,0.5
1,20,0.6657717823982239,0.6532289981842041,0.01254277490079403,0.5,0.5
1,21,0.037217382341623306,0.02723091095685959,0.009986470453441143,0.75,1.0
1,22,0.602202296257019,0.5932813882827759,0.008920900523662567,0.5,0.5
1,23,0.7671141624450684,0.7573762536048889,0.009737901389598846,0.375,0.5
1,24,0.6748281121253967,0.6670401096343994,0.007787992246448994,0.25,0.5
1,25,0.9157614707946777,0.9114368557929993,0.004324585199356079,0.375,0.375
1,26,0.9237711429595947,0.9180583953857422,0.00571276992559433,0.375,0.375
1,27,1.093085527420044,1.083109736442566,0.009975846856832504,0.25,0.25
1,28,0.5283260941505432,0.5171422958374023,0.011183812282979488,0.625,0.625
1,29,1.1136720180511475,1.097799301147461,0.015872757881879807,0.125,0.25
1,30,0.9205618500709534,0.9129114151000977,0.007650451734662056,0.375,0.375
1,31,0.9764395952224731,0.9692343473434448,0.007205238100141287,0.25,0.25
1,32,0.3902873396873474,0.38208964467048645,0.008197703398764133,0.75,0.75
1,33,1.0938096046447754,1.08205246925354,0.011757174506783485,0.25,0.25
1,34,0.9433711767196655,0.9273502230644226,0.016020935028791428,0.125,0.375
1,35,0.9108015298843384,0.9055081009864807,0.005293447524309158,0.375,0.375
1,36,0.7603689432144165,0.7536836862564087,0.006685230880975723,0.375,0.375
1,37,0.41275712847709656,0.4075208902359009,0.0052362242713570595,0.625,0.625
1,38,0.9328550696372986,0.925743043422699,0.007112027145922184,0.25,0.375
1,39,0.5941365957260132,0.5894225239753723,0.004714099690318108,0.375,0.625
1,40,0.56642746925354,0.5562207698822021,0.010206676088273525,0.5,0.5
1,41,0.5633382797241211,0.5582064986228943,0.005131767131388187,0.5,0.625
1,42,0.7471355199813843,0.7274710536003113,0.0196644589304924,0.5,0.5
1,43,0.7513383626937866,0.7369303703308105,0.014407982118427753,0.5,0.5
1,44,0.759406566619873,0.7378956079483032,0.02151094377040863,0.5,0.5
1,45,0.5646214485168457,0.5548923015594482,0.009729130193591118,0.625,0.625
1,46,0.9252220392227173,0.918655514717102,0.0065664974972605705,0.375,0.375
1,47,0.5796017646789551,0.5616146922111511,0.017987094819545746,0.5,0.625
1,48,0.7425243258476257,0.7317929863929749,0.01073136180639267,0.375,0.5
1,49,0.5539250373840332,0.5484838485717773,0.005441168323159218,0.625,0.625
1,50,0.5763407349586487,0.5579835772514343,0.018357152119278908,0.625,0.625
1,51,0.7802000045776367,0.7718274593353271,0.008372562006115913,0.375,0.5
1,52,0.4018076956272125,0.390421062707901,0.0113866301253438,0.625,0.75
1,53,0.5679295659065247,0.554341733455658,0.013587831519544125,0.625,0.625
1,54,0.7529023289680481,0.7432515621185303,0.009650765918195248,0.5,0.5
1,55,0.43298596143722534,0.4177050292491913,0.015280935913324356,0.5,0.75
1,56,0.5554381012916565,0.5460504293441772,0.009387670084834099,0.625,0.625
1,57,0.814303457736969,0.7730428576469421,0.04126058146357536,0.375,0.375
1,58,0.7754998207092285,0.7584786415100098,0.017021160572767258,0.375,0.5
1,59,0.574836015701294,0.5662381649017334,0.008597835898399353,0.5,0.625
1,60,0.47094279527664185,0.4605124294757843,0.010430358350276947,0.625,0.625
1,61,1.0700232982635498,1.0398939847946167,0.03012935258448124,0.25,0.25
1,62,0.6244009137153625,0.61646568775177,0.007935241796076298,0.5,0.5
1,63,0.3554835617542267,0.3516935408115387,0.003790017683058977,0.625,0.75
1,64,1.4805748462677002,1.4645397663116455,0.01603502593934536,0.0,0.0
1,65,0.8665376901626587,0.8455173969268799,0.0210203118622303,0.375,0.375
1,66,0.711216390132904,0.6941792964935303,0.017037102952599525,0.375,0.5
1,67,0.9348770976066589,0.9305133819580078,0.004363712854683399,0.25,0.375
1,68,0.7605966329574585,0.7510401010513306,0.009556548669934273,0.25,0.5
1,69,0.7048241496086121,0.6989539861679077,0.005870180204510689,0.5,0.5
1,70,0.4142038822174072,0.4025762379169464,0.011627648025751114,0.5,0.75
1,71,0.48523959517478943,0.46148544549942017,0.023754136636853218,0.5,0.625
1,72,0.9462538957595825,0.9237661361694336,0.022487755864858627,0.375,0.375
1,73,0.9254354238510132,0.916461706161499,0.008973702788352966,0.375,0.375
1,74,0.7450413703918457,0.7333757877349854,0.011665594764053822,0.5,0.5
1,75,0.7400840520858765,0.7321578860282898,0.00792615581303835,0.5,0.5
1,76,0.6099939942359924,0.5988067388534546,0.011187279596924782,0.25,0.625
1,77,0.39380118250846863,0.3842933177947998,0.009507864713668823,0.75,0.75
1,78,1.0384738445281982,1.0263657569885254,0.012108058668673038,0.125,0.25
1,79,0.9227606654167175,0.9088490605354309,0.013911599293351173,0.375,0.375
1,80,0.9329869151115417,0.9256623387336731,0.007324577309191227,0.25,0.375
1,81,0.4193108081817627,0.4034596085548401,0.015851205214858055,0.5,0.75
1,82,0.7453193664550781,0.7269294261932373,0.01838996820151806,0.5,0.5
1,83,0.570019543170929,0.5597586035728455,0.010260965675115585,0.625,0.625
1,84,0.7370194792747498,0.7134761810302734,0.023543309420347214,0.5,0.5
1,85,0.4134942591190338,0.4071929156780243,0.0063013420440256596,0.5,0.75
1,86,0.7463300228118896,0.7420507669448853,0.00427928427234292,0.5,0.5
1,87,0.5844995975494385,0.5631889700889587,0.02131062000989914,0.5,0.625
1,88,0.763276994228363,0.7367134690284729,0.026563499122858047,0.5,0.5
1,89,0.5904601216316223,0.5671234130859375,0.023336686193943024,0.625,0.625
1,90,1.1122286319732666,1.0991610288619995,0.013067558407783508,0.25,0.25
1,91,0.7495755553245544,0.7404625415802002,0.00911302212625742,0.5,0.5
1,92,0.6606485247612,0.6512040495872498,0.009444499388337135,0.5,0.5
1,93,0.5625020861625671,0.5525277853012085,0.009974319487810135,0.625,0.625
1,94,0.8785805106163025,0.8607279062271118,0.01785261556506157,0.375,0.375
1,95,1.1054027080535889,1.0956518650054932,0.009750893339514732,0.25,0.25
1,96,0.7733057737350464,0.7649965882301331,0.00830920785665512,0.375,0.5
1,97,0.5659666061401367,0.5608285069465637,0.005138115957379341,0.625,0.625
1,98,0.5803369283676147,0.5707182288169861,0.009618671610951424,0.375,0.625
1,99,0.42121341824531555,0.41354161500930786,0.007671800442039967,0.625,0.625
1,100,0.5767375230789185,0.5558215379714966,0.02091600000858307,0.625,0.625
1,101,0.231477290391922,0.21342897415161133,0.018048308789730072,0.75,0.875
1,102,0.7522872090339661,0.7393790483474731,0.012908185832202435,0.5,0.5
1,103,0.7342255711555481,0.7232791185379028,0.010946463793516159,0.5,0.5
1,104,0.7449981570243835,0.7252034544944763,0.019794676452875137,0.5,0.5
1,105,0.3741260766983032,0.37208089232444763,0.0020451878663152456,0.75,0.75
1,106,0.6341568231582642,0.6168469786643982,0.01730986312031746,0.375,0.5
1,107,0.9371666312217712,0.9338690042495728,0.00329761765897274,0.25,0.375
1,108,0.38451579213142395,0.375648558139801,0.008867229335010052,0.75,0.75
1,109,1.1102827787399292,1.1001851558685303,0.010097676888108253,0.25,0.25
1,110,1.0592654943466187,1.0555931329727173,0.003672383725643158,0.25,0.25
1,111,0.5604329705238342,0.5545853972434998,0.005847565364092588,0.625,0.625
1,112,0.9415794014930725,0.9248019456863403,0.016777459532022476,0.25,0.375
1,113,0.8870517015457153,0.8801268339157104,0.006924890447407961,0.25,0.375
1,114,0.5606300234794617,0.553168773651123,0.007461240515112877,0.625,0.625
1,115,0.5649306178092957,0.5512187480926514,0.013711877167224884,0.625,0.625
1,116,0.735165536403656,0.7292195558547974,0.005945996381342411,0.5,0.5
1,117,0.3802950084209442,0.3690507411956787,0.011244266293942928,0.75,0.75
1,118,0.8519763946533203,0.83090740442276,0.02106897346675396,0.375,0.375
1,119,0.7410873770713806,0.7280491590499878,0.013038214296102524,0.5,0.5
1,120,0.576099693775177,0.5550382137298584,0.0210614912211895,0.625,0.625
1,121,0.5821439623832703,0.5551971197128296,0.02694685198366642,0.625,0.625
1,122,0.7364950776100159,0.7264480590820312,0.010047000832855701,0.5,0.5
1,123,0.778607189655304,0.7706549167633057,0.007952280342578888,0.25,0.5
1,124,0.5888779163360596,0.5695680975914001,0.019309846684336662,0.5,0.625
1,125,0.8647550940513611,0.8512632846832275,0.013491824269294739,0.375,0.375
1,126,0.5594226121902466,0.5437800288200378,0.015642575919628143,0.375,0.625
1,127,0.38534051179885864,0.3743656575679779,0.010974857956171036,0.75,0.75
1,128,0.8929421901702881,0.8792591094970703,0.013683086261153221,0.375,0.375
1,129,0.5769659280776978,0.5670561790466309,0.009909730404615402,0.5,0.625
1,130,0.5875627994537354,0.5830580592155457,0.004504724405705929,0.375,0.625
1,131,0.5872777700424194,0.5548181533813477,0.032459624111652374,0.625,0.625
1,132,0.572306215763092,0.5670249462127686,0.005281275138258934,0.5,0.625
1,133,1.100529432296753,1.0947017669677734,0.005827608518302441,0.25,0.25
1,134,0.8030362725257874,0.7960981130599976,0.0069381678476929665,0.375,0.375
1,135,0.9428466558456421,0.928729772567749,0.014116867445409298,0.25,0.375
1,136,1.2944802045822144,1.2818024158477783,0.012677734717726707,0.125,0.125
1,137,0.22473230957984924,0.20254415273666382,0.022188151255249977,0.75,0.875
1,138,0.40201741456985474,0.3852077126502991,0.01680968701839447,0.625,0.75
1,139,1.0442359447479248,1.0368576049804688,0.007378394715487957,0.25,0.25
1,140,0.575046956539154,0.5633159279823303,0.01173103041946888,0.5,0.625
1,141,0.37742286920547485,0.3706280589103699,0.0067947967909276485,0.75,0.75
1,142,0.5640323758125305,0.5554100871086121,0.00862229522317648,0.5,0.625
1,143,0.7817840576171875,0.764761209487915,0.017022859305143356,0.375,0.5
1,144,0.9228317737579346,0.9101787805557251,0.012653003446757793,0.375,0.375
1,145,0.40135347843170166,0.3921515643596649,0.009201913140714169,0.75,0.75
1,146,0.226254403591156,0.21231940388679504,0.013934996910393238,0.75,0.875
1,147,0.5741777420043945,0.5582437515258789,0.015933992341160774,0.5,0.625
1,148,0.5752142667770386,0.5505704879760742,0.02464378997683525,0.625,0.625
1,149,0.7566285729408264,0.7444894313812256,0.01213911548256874,0.5,0.5
1,150,0.6038215756416321,0.592078447341919,0.011743114329874516,0.5,0.5
1,151,0.6090040802955627,0.596480131149292,0.012523963116109371,0.375,0.5
1,152,0.390273779630661,0.38780999183654785,0.0024637931492179632,0.625,0.75
1,153,0.8339868783950806,0.8250550031661987,0.008931905031204224,0.375,0.375
1,154,0.41584429144859314,0.408212810754776,0.007631470449268818,0.625,0.75
1,155,0.9267587065696716,0.921383261680603,0.005375467240810394,0.375,0.375
1,156,0.5845314264297485,0.5652874708175659,0.019243933260440826,0.5,0.625
1,157,0.40381038188934326,0.38960668444633484,0.014203697443008423,0.625,0.75
1,158,0.3706434965133667,0.34471645951271057,0.02592702955007553,0.5,0.625
1,159,0.3823550045490265,0.37611597776412964,0.0062390281818807125,0.75,0.75
1,160,0.770661473274231,0.7594231963157654,0.011238300241529942,0.375,0.375
1,161,0.8152308464050293,0.8094772100448608,0.005753614939749241,0.375,0.375
1,162,0.5810043215751648,0.5576571822166443,0.023347148671746254,0.5,0.625
1,163,0.41226157546043396,0.39866432547569275,0.013597248122096062,0.625,0.75
1,164,0.7398874163627625,0.7334612607955933,0.006426153238862753,0.5,0.5
1,165,0.49667853116989136,0.4824028015136719,0.01427572499960661,0.5,0.625
1,166,0.557738184928894,0.5533971190452576,0.004341074265539646,0.625,0.625
1,167,0.5731627345085144,0.5608580112457275,0.012304721400141716,0.625,0.625
1,168,0.72516268491745,0.7200345993041992,0.005128107033669949,0.5,0.5
1,169,1.1087979078292847,1.0928884744644165,0.015909381210803986,0.25,0.25
1,170,0.3991245925426483,0.38185548782348633,0.017269104719161987,0.75,0.75
1,171,0.5672448873519897,0.5573868155479431,0.009858070872724056,0.625,0.625
1,172,0.5032111406326294,0.49809473752975464,0.005116401240229607,0.625,0.625
1,173,0.5798779129981995,0.548443078994751,0.03143485635519028,0.5,0.625
1,174,0.4506622552871704,0.43448519706726074,0.016177060082554817,0.375,0.625
1,175,0.5528213381767273,0.5383376479148865,0.014483669772744179,0.625,0.625
1,176,0.5928651094436646,0.582343339920044,0.010521771386265755,0.375,0.625
1,177,0.9323764443397522,0.9274033308029175,0.0049730935133993626,0.25,0.375
1,178,0.731952428817749,0.725561797618866,0.006390610709786415,0.5,0.5
1,179,0.7491846680641174,0.742770254611969,0.006414384115487337,0.5,0.5
1,180,0.7786487936973572,0.7647267580032349,0.013922013342380524,0.375,0.375
1,181,0.3759986460208893,0.3670750856399536,0.00892354641109705,0.75,0.75
1,182,0.40593448281288147,0.38608911633491516,0.019845368340611458,0.625,0.75
1,183,0.911435604095459,0.9072868227958679,0.004148795735090971,0.375,0.375
1,184,0.7990648746490479,0.7847316265106201,0.014333236962556839,0.375,0.375
1,185,0.59017413854599,0.575271725654602,0.014902439899742603,0.375,0.625
1,186,0.3877786695957184,0.38340166211128235,0.004377009347081184,0.75,0.75
1,187,0.3945959806442261,0.39172184467315674,0.002874144120141864,0.625,0.75
1,188,1.0531996488571167,1.0472794771194458,0.005920128896832466,0.125,0.25
1,189,0.9281778335571289,0.9204981327056885,0.007679675705730915,0.375,0.375
1,190,0.5750817060470581,0.5718839764595032,0.003197744721546769,0.5,0.625
1,191,0.9354527592658997,0.9283660054206848,0.00708676828071475,0.25,0.375
1,192,0.9318440556526184,0.9232913255691528,0.008552726358175278,0.25,0.375
1,193,0.5619996190071106,0.5598299503326416,0.0021696919575333595,0.5,0.625
1,194,0.5546060800552368,0.5419910550117493,0.012615044601261616,0.5,0.625
1,195,0.8626615405082703,0.8118679523468018,0.05079357326030731,0.25,0.375
1,196,0.7791598439216614,0.7611701488494873,0.017989693209528923,0.25,0.5
1,197,1.1109895706176758,1.101555585861206,0.009434039704501629,0.25,0.25
1,198,0.49949246644973755,0.4890100955963135,0.010482357814908028,0.25,0.625
1,199,0.5899823307991028,0.564263641834259,0.025718698278069496,0.5,0.625
1,200,0.5428380966186523,0.5344827175140381,0.008355383761227131,0.625,0.625
1,201,0.5701168179512024,0.5635167360305786,0.006600087974220514,0.5,0.625
1,202,0.37229692935943604,0.3503154516220093,0.02198146842420101,0.75,0.75
1,203,0.9467014074325562,0.9253272414207458,0.021374158561229706,0.375,0.375
1,204,0.4031682312488556,0.3920612931251526,0.011106930673122406,0.625,0.75
1,205,1.2804393768310547,1.2708113193511963,0.009628109633922577,0.125,0.125
1,206,0.5725975036621094,0.5513342618942261,0.021263211965560913,0.625,0.625
1,207,0.9333579540252686,0.926224410533905,0.007133518345654011,0.375,0.375
1,208,0.7521800994873047,0.736440896987915,0.01573922485113144,0.5,0.5
1,209,0.7311491966247559,0.7243955135345459,0.006753664463758469,0.5,0.5
1,210,0.613890528678894,0.5757860541343689,0.038104474544525146,0.5,0.625
1,211,1.1066440343856812,1.0915560722351074,0.01508790347725153,0.25,0.25
1,212,0.39005160331726074,0.37750911712646484,0.01254249271005392,0.75,0.75
1,213,0.41558021306991577,0.40399616956710815,0.011584034189581871,0.5,0.75
1,214,0.5966657996177673,0.580230176448822,0.016435597091913223,0.375,0.625
1,215,0.4450756013393402,0.4331514835357666,0.011924106627702713,0.625,0.625
1,216,0.397554874420166,0.3869665265083313,0.010588344186544418,0.625,0.75
1,217,0.29158836603164673,0.2783689796924591,0.01321939006447792,0.75,0.75
1,218,0.35182541608810425,0.34002140164375305,0.011804003268480301,0.5,0.625
1,219,0.5605447888374329,0.5523614287376404,0.008183352649211884,0.625,0.625
1,220,0.7813677787780762,0.7693414688110352,0.012026330456137657,0.375,0.375
1,221,0.38073113560676575,0.36361080408096313,0.017120324075222015,0.625,0.75
1,222,0.7020373940467834,0.6987950801849365,0.0032423269003629684,0.25,0.5
1,223,0.7579077482223511,0.7509609460830688,0.00694679468870163,0.375,0.5
1,224,0.7620056867599487,0.7540572881698608,0.00794842466711998,0.375,0.5
1,225,0.9161996245384216,0.9145388603210449,0.0016607854049652815,0.375,0.375
1,226,0.5715489387512207,0.5646972060203552,0.006851750425994396,0.5,0.625
1,227,0.5723713040351868,0.551988422870636,0.02038288116455078,0.625,0.625
1,228,0.7787743210792542,0.7660356163978577,0.012738712131977081,0.375,0.375
1,229,0.6018648743629456,0.5942041277885437,0.007660743780434132,0.5,0.625
1,230,0.5917173027992249,0.5762795209884644,0.015437810681760311,0.5,0.625
1,231,0.9082427620887756,0.8914005756378174,0.016842179000377655,0.375,0.375
1,232,1.0745315551757812,1.070078730583191,0.0044527859427034855,0.25,0.25
1,233,0.7699739933013916,0.7616190314292908,0.00835496187210083,0.375,0.5
1,234,0.3627222180366516,0.3533611297607422,0.009361078962683678,0.75,0.75
1,235,0.21608349680900574,0.20135174691677094,0.014731742441654205,0.75,0.875
1,236,1.063171148300171,1.0577051639556885,0.005466009955853224,0.25,0.25
1,237,0.7413185834884644,0.7187633514404297,0.022555232048034668,0.375,0.5
1,238,0.9438775777816772,0.921724796295166,0.022152751684188843,0.375,0.375
1,239,0.2141040563583374,0.20285537838935852,0.011248670518398285,0.75,0.875
1,240,0.4332544207572937,0.4180644750595093,0.015189938247203827,0.5,0.625
1,241,0.5911747217178345,0.5799576044082642,0.011217121966183186,0.5,0.625
1,242,0.5640739798545837,0.5501676797866821,0.013906296342611313,0.625,0.625
1,243,0.5716345906257629,0.5543705224990845,0.01726405695080757,0.625,0.625
1,244,0.8995946049690247,0.8947020173072815,0.004892610479146242,0.375,0.375
1,245,0.38429486751556396,0.37205055356025696,0.01224430836737156,0.75,0.75
1,246,0.6114546060562134,0.6007496118545532,0.010705003514885902,0.5,0.5
1,247,0.7341759204864502,0.7177050113677979,0.016470935195684433,0.5,0.5
1,248,0.5961609482765198,0.5920268297195435,0.004134095273911953,0.375,0.625
1,249,0.9254417419433594,0.9127666354179382,0.012675093486905098,0.375,0.375
1,250,0.8805751204490662,0.867767870426178,0.012807255610823631,0.25,0.25
1,251,0.41711151599884033,0.41341131925582886,0.0037002048920840025,0.625,0.625
1,252,0.18253818154335022,0.17283648252487183,0.009701702743768692,0.875,0.875
1,253,0.4252813160419464,0.41054990887641907,0.014731421135365963,0.625,0.75
1,254,0.5647295713424683,0.5508787631988525,0.013850808143615723,0.625,0.625
1,255,0.929897665977478,0.9098527431488037,0.020044909790158272,0.375,0.375
1,256,0.5845527052879333,0.5710126161575317,0.013540088199079037,0.5,0.625
1,257,0.5665801167488098,0.5645592212677002,0.0020208777859807014,0.5,0.625
1,258,1.0822879076004028,1.062333583831787,0.019954349845647812,0.125,0.25
1,259,0.5548386573791504,0.5514966249465942,0.0033420042600482702,0.625,0.625
1,260,0.9398806691169739,0.9309817552566528,0.008898903615772724,0.25,0.375
1,261,0.38887178897857666,0.38093048334121704,0.007941290736198425,0.75,0.75
1,262,0.7997406125068665,0.7980004549026489,0.0017401569057255983,0.25,0.375
1,263,0.914107084274292,0.9090994596481323,0.005007598549127579,0.25,0.375
1,264,0.5904349088668823,0.5674527883529663,0.02298210933804512,0.5,0.625
1,265,0.5757986307144165,0.5578683614730835,0.01793026179075241,0.625,0.625
1,266,0.39680588245391846,0.3893875479698181,0.007418340537697077,0.625,0.75
1,267,1.1446751356124878,1.1310789585113525,0.013596204109489918,0.125,0.125
1,268,0.9405498504638672,0.9290860295295715,0.011463850736618042,0.25,0.375
1,269,0.4991362690925598,0.47642332315444946,0.022712932899594307,0.5,0.625
1,270,0.5674399137496948,0.5533379316329956,0.014101977460086346,0.625,0.625
1,271,0.7186254858970642,0.7066457867622375,0.011979698203504086,0.375,0.5
1,272,0.39809128642082214,0.3910197913646698,0.007071484811604023,0.5,0.75
1,273,0.20493382215499878,0.19136710464954376,0.013566710986196995,0.875,0.875
1,274,0.7655092477798462,0.7464465498924255,0.01906270906329155,0.375,0.5
1,275,0.39764124155044556,0.39251554012298584,0.005125689320266247,0.625,0.75
1,276,0.5557466745376587,0.5390971302986145,0.0166495181620121,0.625,0.625
1,277,0.5544292330741882,0.5511665940284729,0.0032626204192638397,0.625,0.625
1,278,1.1086976528167725,1.0935307741165161,0.015166864730417728,0.125,0.25
1,279,0.5814396739006042,0.5650545358657837,0.01638515666127205,0.375,0.625
1,280,0.8989276885986328,0.8898282051086426,0.009099500253796577,0.375,0.375
1,281,0.7167190313339233,0.7060795426368713,0.010639498010277748,0.5,0.5
1,282,0.513469934463501,0.4980821907520294,0.01538773812353611,0.625,0.625
1,283,0.5618974566459656,0.5509564876556396,0.01094094105064869,0.625,0.625
1,284,0.7122640609741211,0.6970992088317871,0.015164867974817753,0.375,0.5
1,285,0.5940837860107422,0.5625828504562378,0.03150096535682678,0.5,0.625
1,286,0.5779841542243958,0.569664716720581,0.008319427259266376,0.5,0.625
1,287,0.42254525423049927,0.40616467595100403,0.01638058014214039,0.5,0.75
1,288,0.5753695964813232,0.5567514896392822,0.018618080765008926,0.5,0.625
1,289,0.9308135509490967,0.9149774312973022,0.015836142003536224,0.375,0.375
1,290,0.5825034976005554,0.5734830498695374,0.009020427241921425,0.375,0.625
1,291,0.7499853372573853,0.7469881176948547,0.0029971925541758537,0.375,0.5
1,292,0.7463966608047485,0.7345786094665527,0.011818066239356995,0.5,0.5
1,293,0.7465884685516357,0.7369348406791687,0.009653616696596146,0.5,0.5
1,294,0.36691680550575256,0.3488636612892151,0.018053149804472923,0.625,0.75
1,295,1.244442343711853,1.2243077754974365,0.02013459801673889,0.125,0.125
1,296,0.4219690263271332,0.3754643499851227,0.0465046688914299,0.625,0.75
1,297,0.5712617039680481,0.5608270764350891,0.010434634983539581,0.625,0.625
1,298,0.9171647429466248,0.9122354984283447,0.0049292524345219135,0.375,0.375
1,299,0.26738810539245605,0.2524915635585785,0.014896534383296967,0.625,0.75
1,300,0.9265711903572083,0.9118689298629761,0.014702285639941692,0.375,0.375
1,301,0.9243413805961609,0.911076009273529,0.013265357352793217,0.375,0.375
1,302,0.743074357509613,0.7360357046127319,0.007038632407784462,0.5,0.5
1,303,0.5717145800590515,0.5607262849807739,0.010988309979438782,0.625,0.625
1,304,0.6046566367149353,0.5859562754631042,0.018700387328863144,0.5,0.5
1,305,0.9173617959022522,0.9030718207359314,0.014289993792772293,0.375,0.375
1,306,0.9144579172134399,0.9012840986251831,0.013173796236515045,0.375,0.375
1,307,0.8497489094734192,0.8352450728416443,0.014503812417387962,0.25,0.375
1,308,0.5875159502029419,0.5784364938735962,0.009079435840249062,0.5,0.625
1,309,0.7663537263870239,0.7580054998397827,0.008348198607563972,0.375,0.5
1,310,0.6160265803337097,0.6059973239898682,0.010029276832938194,0.5,0.5
1,311,0.598465621471405,0.583945631980896,0.014520013704895973,0.375,0.625
1,312,0.19551672041416168,0.18476852774620056,0.010748186148703098,0.875,0.875
1,313,0.41637101769447327,0.3996645510196686,0.01670645922422409,0.5,0.75
1,314,0.5250852704048157,0.5200093984603882,0.005075884982943535,0.375,0.625
1,315,0.9707778692245483,0.9642456769943237,0.006532204337418079,0.25,0.25
1,316,0.6181804537773132,0.5966293215751648,0.02155112475156784,0.375,0.625
1,317,0.38492918014526367,0.37198418378829956,0.012945001013576984,0.75,0.75
1,318,0.3859972357749939,0.3805919289588928,0.005405306816101074,0.75,0.75
1,319,0.6722763180732727,0.6577203869819641,0.014555903151631355,0.25,0.5
1,320,0.3975125551223755,0.37740111351013184,0.020111428573727608,0.75,0.75
1,321,0.4200025498867035,0.40477967262268066,0.015222882851958275,0.375,0.75
1,322,0.5838258266448975,0.5640453696250916,0.019780442118644714,0.5,0.625
1,323,1.2878267765045166,1.2715404033660889,0.01628643274307251,0.125,0.125
1,324,0.5935655236244202,0.5912465453147888,0.0023189496714621782,0.5,0.5
1,325,0.8636266589164734,0.8562809228897095,0.007345735095441341,0.375,0.375
1,326,0.6040154099464417,0.5993301868438721,0.004685212392359972,0.5,0.5
1,327,0.9408741593360901,0.9281352758407593,0.012738877907395363,0.25,0.375
1,328,0.795804500579834,0.791966438293457,0.00383808184415102,0.375,0.375
1,329,0.7804041504859924,0.7648470401763916,0.015557102859020233,0.25,0.5
1,330,0.3599623739719391,0.345816433429718,0.014145949855446815,0.75,0.75
1,331,0.39526939392089844,0.37478235363960266,0.02048703283071518,0.75,0.75
1,332,0.5611127614974976,0.5580787658691406,0.0030340123921632767,0.625,0.625
1,333,1.0669902563095093,1.0545086860656738,0.012481547892093658,0.25,0.25
1,334,0.603632390499115,0.5939988493919373,0.009633542038500309,0.5,0.5
1,335,0.9197011590003967,0.9137816429138184,0.0059195272624492645,0.375,0.375
1,336,0.9283133149147034,0.9077372550964355,0.020576070994138718,0.375,0.375
1,337,0.4053209125995636,0.3923180103302002,0.01300291158258915,0.625,0.75
1,338,0.40291628241539,0.4002629518508911,0.0026533319614827633,0.5,0.75
1,339,0.7419411540031433,0.7376181483268738,0.004322988912463188,0.5,0.5
1,340,0.7683327198028564,0.7519037127494812,0.01642901822924614,0.5,0.5
1,341,0.9031016826629639,0.8868285417556763,0.016273144632577896,0.375,0.375
1,342,0.7385520339012146,0.7350776195526123,0.0034743957221508026,0.5,0.5
1,343,0.6544144749641418,0.6465953588485718,0.007819144055247307,0.5,0.5
1,344,0.3902750015258789,0.37511059641838074,0.015164406970143318,0.75,0.75
1,345,0.8013172745704651,0.7861056923866272,0.015211579389870167,0.375,0.375
1,346,0.574015200138092,0.5661824941635132,0.007832707837224007,0.5,0.625
1,347,0.39319440722465515,0.3866114020347595,0.006582994479686022,0.625,0.75
1,348,0.3083604574203491,0.2931665778160095,0.01519387774169445,0.75,0.75
1,349,0.8217600584030151,0.8161208629608154,0.005639185197651386,0.375,0.375
1,350,0.6789212822914124,0.6689903736114502,0.009930934756994247,0.5,0.5
1,351,0.9167240262031555,0.9067542552947998,0.009969783946871758,0.375,0.375
1,352,0.09980911761522293,0.0845622792840004,0.015246840193867683,0.75,0.875
1,353,0.5844070911407471,0.5695821642875671,0.014824913814663887,0.5,0.625
1,354,0.7491679191589355,0.7401953339576721,0.008972560986876488,0.375,0.5
1,355,1.1569578647613525,1.1340631246566772,0.022894790396094322,0.125,0.125
1,356,0.6193539500236511,0.6065502166748047,0.012803759425878525,0.5,0.5
1,357,0.5636274814605713,0.5499789118766785,0.013648579828441143,0.625,0.625
1,358,0.7493627071380615,0.7442280054092407,0.005134725943207741,0.375,0.5
1,359,1.0410022735595703,1.0326975584030151,0.00830469187349081,0.25,0.25
1,360,0.7408767342567444,0.7261139750480652,0.014762765727937222,0.5,0.5
1,361,0.3846758306026459,0.37715595960617065,0.007519877515733242,0.75,0.75
1,362,0.05007397383451462,0.03888135030865669,0.011192623525857925,0.75,1.0
1,363,0.46828898787498474,0.466238409280777,0.0020505832508206367,0.375,0.625
1,364,0.7555122375488281,0.7341138124465942,0.021398423239588737,0.5,0.5
1,365,0.5722019672393799,0.5642059445381165,0.007996007800102234,0.5,0.625
1,366,0.7141462564468384,0.7054511904716492,0.008695084601640701,0.5,0.5
1,367,1.0958904027938843,1.0896544456481934,0.0062360079027712345,0.25,0.25
1,368,0.7446010112762451,0.7327419519424438,0.011859034188091755,0.5,0.5
1,369,0.5604415535926819,0.5502128601074219,0.010228713974356651,0.625,0.625
1,370,0.5780469179153442,0.5673593282699585,0.01068761758506298,0.5,0.625
1,371,0.21595335006713867,0.2074265331029892,0.008526811376214027,0.75,0.875
1,372,0.09727777540683746,0.07888324558734894,0.018394533544778824,0.75,0.875
1,373,0.9189502000808716,0.9129858613014221,0.005964349955320358,0.375,0.375
1,374,0.42998170852661133,0.40089303255081177,0.029088683426380157,0.625,0.75
1,375,0.9271588325500488,0.9098721742630005,0.017286688089370728,0.375,0.375
1,376,0.9308029413223267,0.9197577834129333,0.011045181192457676,0.375,0.375
1,377,0.9185551404953003,0.9088895916938782,0.00966556929051876,0.375,0.375
1,378,0.3836915194988251,0.3766033947467804,0.007088111247867346,0.75,0.75
1,379,0.9326444268226624,0.9155896902084351,0.017054758965969086,0.375,0.375
1,380,0.7609322667121887,0.7351995706558228,0.025732681155204773,0.5,0.5
1,381,0.9239993691444397,0.9143915176391602,0.009607866406440735,0.375,0.375
1,382,1.2767773866653442,1.2667146921157837,0.010062693618237972,0.125,0.125
1,383,0.860522449016571,0.8308204412460327,0.029702018946409225,0.375,0.375
1,384,0.7309296727180481,0.7122868299484253,0.018642842769622803,0.375,0.5
1,385,0.6099430918693542,0.5872173309326172,0.02272576093673706,0.5,0.625
1,386,0.6864244937896729,0.6617132425308228,0.02471126988530159,0.5,0.5
1,387,0.7441264390945435,0.7312517166137695,0.01287471316754818,0.5,0.5
1,388,0.7521277070045471,0.7403789758682251,0.01174875907599926,0.5,0.5
1,389,0.4075545072555542,0.3947662115097046,0.01278828363865614,0.625,0.75
1,390,0.7113896608352661,0.696580171585083,0.01480947993695736,0.375,0.5
1,391,0.5710915327072144,0.5542175769805908,0.016873976215720177,0.625,0.625
1,392,0.38891342282295227,0.3716190457344055,0.01729438081383705,0.75,0.75
1,393,0.922188937664032,0.9193444848060608,0.0028444372583180666,0.25,0.375
1,394,0.7509356737136841,0.7378748059272766,0.013060864061117172,0.5,0.5
1,395,0.9265483021736145,0.9218246936798096,0.0047236280515789986,0.375,0.375
1,396,1.0018914937973022,0.997016191482544,0.0048753502778708935,0.125,0.25
1,397,0.6133370995521545,0.5966167449951172,0.016720354557037354,0.125,0.625
1,398,0.5001993775367737,0.49284034967422485,0.007359023671597242,0.625,0.625
1,399,0.7485505938529968,0.741870641708374,0.006679939106106758,0.375,0.5
1,400,0.3919898271560669,0.37564873695373535,0.016341092064976692,0.75,0.75
1,401,0.9515437483787537,0.9364051818847656,0.01513855904340744,0.25,0.375
1,402,0.23382236063480377,0.22370383143424988,0.010118522681295872,0.625,0.875
1,403,0.9285523891448975,0.9062102437019348,0.022342119365930557,0.375,0.375
1,404,0.7463106513023376,0.737751305103302,0.008559323847293854,0.5,0.5
1,405,0.9219253063201904,0.9137995839118958,0.008125701919198036,0.375,0.375
1,406,0.3692644536495209,0.35690203309059143,0.012362433597445488,0.75,0.75
1,407,0.38559725880622864,0.3690760135650635,0.016521237790584564,0.75,0.75
1,408,0.5756336450576782,0.5639655590057373,0.011668102815747261,0.5,0.625
1,409,0.3885294198989868,0.3779519498348236,0.01057747658342123,0.75,0.75
1,410,0.8452062606811523,0.8384522199630737,0.006754027679562569,0.375,0.375
1,411,0.6035414934158325,0.598909318447113,0.004632156807929277,0.5,0.5
1,412,0.5039417743682861,0.49332529306411743,0.010616490617394447,0.625,0.625
1,413,0.5516928434371948,0.5486718416213989,0.003020977135747671,0.625,0.625
1,414,0.4366070330142975,0.42621850967407227,0.010388510301709175,0.625,0.625
1,415,1.0938717126846313,1.0865695476531982,0.007302155718207359,0.25,0.25
1,416,0.9226003885269165,0.9129223823547363,0.009678000584244728,0.375,0.375
1,417,0.9356493353843689,0.9121537804603577,0.02349553443491459,0.375,0.375
1,418,0.4196039140224457,0.41292452812194824,0.006679396610707045,0.625,0.625
1,419,0.9434289932250977,0.9263400435447693,0.017088931053876877,0.25,0.375
1,420,0.948488175868988,0.9403000473976135,0.008188134990632534,0.25,0.375
1,421,0.6347565054893494,0.630223274230957,0.00453323544934392,0.375,0.5
1,422,0.7439926862716675,0.7312722206115723,0.012720437720417976,0.5,0.5
1,423,0.40099605917930603,0.38962239027023315,0.011373667046427727,0.5,0.625
1,424,0.9106227159500122,0.906810462474823,0.0038122511468827724,0.375,0.375
1,425,0.5580812096595764,0.5525078773498535,0.00557332718744874,0.625,0.625
1,426,0.8503795862197876,0.8465335369110107,0.003846045583486557,0.375,0.375
1,427,0.5604293942451477,0.5468263626098633,0.013603048399090767,0.625,0.625
1,428,0.7450954914093018,0.7369595766067505,0.00813593715429306,0.5,0.5
1,429,0.5001259446144104,0.4854673743247986,0.014658589847385883,0.5,0.625
1,430,0.37749388813972473,0.36737632751464844,0.010117548517882824,0.75,0.75
1,431,0.7734445929527283,0.7672025561332703,0.006242015399038792,0.375,0.375
1,432,0.6276842355728149,0.6109794974327087,0.016704723238945007,0.375,0.5
1,433,0.407541424036026,0.39730486273765564,0.010236561298370361,0.625,0.75
1,434,0.3338550329208374,0.31824037432670593,0.015614666044712067,0.625,0.75
1,435,0.5716593265533447,0.5670996308326721,0.0045597143471241,0.5,0.625
1,436,1.3337715864181519,1.3103282451629639,0.023443322628736496,0.0,0.0
1,437,0.0296405628323555,0.023148363456130028,0.006492200307548046,0.75,1.0
1,438,0.5676714777946472,0.5532545447349548,0.01441693864762783,0.625,0.625
1,439,0.7549899816513062,0.7442951798439026,0.010694801807403564,0.375,0.5
1,440,0.9395170211791992,0.9146741032600403,0.024842943996191025,0.375,0.375
1,441,0.9213091135025024,0.9092928767204285,0.012016255408525467,0.375,0.375
1,442,0.7401237487792969,0.7335084676742554,0.0066152592189610004,0.5,0.5
1,443,0.7454272508621216,0.7403104901313782,0.0051167686469852924,0.5,0.5
1,444,0.6981307864189148,0.6888585090637207,0.009272304363548756,0.5,0.5
1,445,1.094709038734436,1.0815787315368652,0.013130344450473785,0.25,0.25
1,446,0.7000669836997986,0.6852477788925171,0.014819206669926643,0.5,0.5
1,447,0.3691156506538391,0.3658360540866852,0.003279595635831356,0.75,0.75
1,448,0.2038397192955017,0.1910778135061264,0.012761911377310753,0.875,0.875
1,449,0.5730324387550354,0.5594542622566223,0.013578150421380997,0.5,0.625
1,450,0.5903871655464172,0.5816780924797058,0.008709083311259747,0.5,0.5
1,451,0.39513540267944336,0.38860660791397095,0.006528802216053009,0.625,0.75
1,452,0.5608202219009399,0.5487439632415771,0.012076253071427345,0.625,0.625
1,453,0.7417367100715637,0.736230731010437,0.005505950190126896,0.25,0.5
1,454,0.579633355140686,0.553942084312439,0.02569124847650528,0.625,0.625
1,455,0.9299243688583374,0.8957828283309937,0.03414156660437584,0.25,0.375
1,456,0.5841699242591858,0.5777084231376648,0.006461473647505045,0.5,0.625
1,457,0.3956521451473236,0.379886269569397,0.015765871852636337,0.75,0.75
1,458,0.5632607340812683,0.5513118505477905,0.011948863975703716,0.625,0.625
1,459,0.5706133246421814,0.5592283606529236,0.011384954676032066,0.5,0.625
1,460,0.7648823261260986,0.7489289045333862,0.01595340482890606,0.375,0.5
1,461,0.8864803314208984,0.8607034683227539,0.02577689290046692,0.375,0.375
1,462,0.614504337310791,0.6015029549598694,0.013001380488276482,0.5,0.5
1,463,0.5616540908813477,0.5572093725204468,0.004444718360900879,0.625,0.625
1,464,0.7443217039108276,0.7222427725791931,0.022078949958086014,0.375,0.5
1,465,0.7355926036834717,0.7183144092559814,0.01727818325161934,0.375,0.5
1,466,0.5260347127914429,0.5150471925735474,0.010987541638314724,0.625,0.625
1,467,0.5949870347976685,0.5871140956878662,0.007872918620705605,0.25,0.625
1,468,0.023597046732902527,0.018671439960598946,0.004925606772303581,0.875,1.0
1,469,0.5029956698417664,0.49060529470443726,0.012390347197651863,0.5,0.625
1,470,0.37982887029647827,0.3712489604949951,0.008579910732805729,0.75,0.75
1,471,1.0967029333114624,1.0871388912200928,0.00956403836607933,0.25,0.25
1,472,0.9704050421714783,0.9600142240524292,0.010390819050371647,0.25,0.25
1,473,0.4098634421825409,0.38662582635879517,0.02323761396110058,0.625,0.75
1,474,0.6036323308944702,0.5870211124420166,0.016611237078905106,0.5,0.5
1,475,0.7506862878799438,0.740382194519043,0.010304096154868603,0.5,0.5
1,476,0.745760977268219,0.7351046204566956,0.010656376369297504,0.375,0.5
1,477,1.0374301671981812,1.024629831314087,0.012800391763448715,0.25,0.25
1,478,0.9228020310401917,0.9090000987052917,0.013801919296383858,0.375,0.375
1,479,0.8462015986442566,0.8359049558639526,0.010296644642949104,0.25,0.375
1,480,0.7575199604034424,0.7391161322593689,0.018403848633170128,0.375,0.5
1,481,0.5635550618171692,0.5535830855369568,0.009971982799470425,0.625,0.625
1,482,0.5514897704124451,0.5474490523338318,0.0040407185442745686,0.625,0.625
1,483,0.5716380476951599,0.5686615109443665,0.0029765432700514793,0.5,0.625
1,484,0.9279246926307678,0.9093787670135498,0.01854594424366951,0.375,0.375
1,485,0.5592265725135803,0.5473078489303589,0.011918710544705391,0.625,0.625
1,486,0.540442168712616,0.5326559543609619,0.007786201313138008,0.625,0.625
1,487,0.8048014640808105,0.7828616499900818,0.021939821541309357,0.25,0.375
1,488,0.5772176384925842,0.5725671052932739,0.004650527611374855,0.375,0.625
1,489,1.0363389253616333,1.0273010730743408,0.009037887677550316,0.125,0.25
1,490,0.9018720388412476,0.8863129019737244,0.015559113584458828,0.375,0.375
1,491,0.6696364879608154,0.661576509475708,0.008059986867010593,0.5,0.5
1,492,0.5637140870094299,0.5589927434921265,0.004721362609416246,0.625,0.625
1,493,0.013016406446695328,0.0039610653184354305,0.00905534066259861,1.0,1.0
1,494,0.6074609160423279,0.5953554511070251,0.01210545189678669,0.5,0.5
1,495,0.21662792563438416,0.20129568874835968,0.015332232229411602,0.875,0.875
1,496,0.540686309337616,0.5250712037086487,0.015615126118063927,0.5,0.625
1,497,0.598405659198761,0.5951848030090332,0.003220833372324705,0.375,0.5
1,498,0.5699053406715393,0.5660833716392517,0.003821942023932934,0.5,0.625
1,499,1.3227418661117554,1.3133997917175293,0.009342043660581112,0.0,0.0
1,500,0.4021000862121582,0.39464494585990906,0.00745512917637825,0.5,0.75
1,501,0.21331116557121277,0.2068478763103485,0.006463284604251385,0.75,0.875
1,502,0.47846516966819763,0.45612213015556335,0.022343028336763382,0.5,0.625
1,503,0.934670090675354,0.9316611289978027,0.0030089421197772026,0.25,0.375
1,504,0.21607396006584167,0.20391739904880524,0.012156554497778416,0.875,0.875
1,505,0.988716185092926,0.9786099195480347,0.010106249712407589,0.25,0.25
1,506,0.3863673806190491,0.37475138902664185,0.011615999042987823,0.75,0.75
1,507,0.5383104085922241,0.5347538590431213,0.003556525567546487,0.5,0.625
1,508,0.5757779479026794,0.5600890517234802,0.015688922256231308,0.5,0.625
1,509,0.9082720875740051,0.8990353345870972,0.009236741811037064,0.375,0.375
1,510,0.6643673777580261,0.6593687534332275,0.0049986038357019424,0.375,0.5
1,511,0.7505610585212708,0.7419872283935547,0.008573816157877445,0.5,0.5
1,512,0.5845522880554199,0.575187087059021,0.009365217760205269,0.375,0.625
1,513,0.5833868384361267,0.5750819444656372,0.00830487534403801,0.375,0.625
1,514,0.5395094156265259,0.5379339456558228,0.001575459260493517,0.625,0.625
1,515,0.390723317861557,0.37085670232772827,0.019866611808538437,0.75,0.75
1,516,0.38409942388534546,0.3726786673069,0.011420754715800285,0.75,0.75
1,517,0.9761230945587158,0.9610590934753418,0.01506397407501936,0.25,0.25
1,518,1.2294944524765015,1.2167580127716064,0.012736433185636997,0.125,0.125
1,519,0.46136170625686646,0.4530367851257324,0.008324913680553436,0.625,0.625
1,520,0.5605223178863525,0.557154655456543,0.0033676859457045794,0.5,0.625
1,521,0.7565732598304749,0.7420638799667358,0.01450936309993267,0.5,0.5
1,522,0.7226169109344482,0.7112284898757935,0.011388449929654598,0.375,0.5
1,523,0.7307223081588745,0.7237160205841064,0.007006282918155193,0.5,0.5
1,524,0.5695200562477112,0.5613429546356201,0.00817708671092987,0.625,0.625
1,525,0.6182052493095398,0.61246258020401,0.005742658860981464,0.5,0.5
1,526,0.7560530304908752,0.738734245300293,0.017318811267614365,0.5,0.5
1,527,0.7349001169204712,0.7323072552680969,0.0025928558316081762,0.5,0.5
1,528,0.37412142753601074,0.361684113740921,0.012437328696250916,0.75,0.75
1,529,0.20610597729682922,0.19678042829036713,0.009325545281171799,0.75,0.875
1,530,0.6512795090675354,0.6401957869529724,0.011083733290433884,0.5,0.5
1,531,0.40043336153030396,0.39540135860443115,0.005031997337937355,0.625,0.75
1,532,0.7497470378875732,0.7461884021759033,0.003558617550879717,0.25,0.5
1,533,0.4100395739078522,0.40419480204582214,0.005844767205417156,0.625,0.75
1,534,0.7430160045623779,0.7356562614440918,0.007359756156802177,0.5,0.5
1,535,1.0992496013641357,1.0961227416992188,0.003126818686723709,0.25,0.25
1,536,0.5833795070648193,0.5710259675979614,0.012353556230664253,0.5,0.625
1,537,0.3990679681301117,0.3780008554458618,0.021067112684249878,0.625,0.75
1,538,0.9278084635734558,0.9172300100326538,0.01057848148047924,0.25,0.375
1,539,0.21014957129955292,0.20192649960517883,0.00822307076305151,0.875,0.875
1,540,0.7397591471672058,0.7205936908721924,0.019165445119142532,0.5,0.5
1,541,0.9393539428710938,0.9363678693771362,0.00298609328456223,0.25,0.375
1,542,0.979038655757904,0.9724404215812683,0.00659822765737772,0.125,0.25
1,543,0.7088276743888855,0.7026235461235046,0.006204119883477688,0.375,0.5
1,544,0.9354873299598694,0.9195488691329956,0.015938466414809227,0.375,0.375
1,545,0.7771705389022827,0.7634848356246948,0.013685718178749084,0.25,0.375
1,546,0.5429166555404663,0.5296640396118164,0.01325258705765009,0.625,0.625
1,547,0.4143562614917755,0.3926565647125244,0.021699707955121994,0.5,0.75
1,548,0.5496082305908203,0.5428389310836792,0.006769272498786449,0.5,0.625
1,549,0.2157197892665863,0.20857372879981995,0.007146060466766357,0.75,0.875
1,550,0.8843846321105957,0.8787854909896851,0.005599167663604021,0.125,0.375
1,551,0.9861602783203125,0.9537321329116821,0.03242814168334007,0.25,0.25
1,552,0.8640658855438232,0.8597476482391357,0.004318214487284422,0.375,0.375
1,553,0.5743470191955566,0.5601524114608765,0.014194618910551071,0.5,0.625
1,554,0.4081799387931824,0.40297025442123413,0.005209676921367645,0.625,0.75
1,555,0.47733622789382935,0.46101802587509155,0.016318194568157196,0.625,0.625
1,556,0.05002092942595482,0.04920736327767372,0.0008135664975270629,1.0,1.0
2,557,0.49743738770484924,0.4798283278942108,0.017609063535928726,0.625,0.625
2,558,0.4954324960708618,0.4699948728084564,0.0254376120865345,0.625,0.625
2,559,0.8502858877182007,0.8284462094306946,0.021839652210474014,0.375,0.375
2,560,0.7408666610717773,0.7296496629714966,0.011217022314667702,0.5,0.5
2,561,0.37885361909866333,0.36918577551841736,0.009667845442891121,0.75,0.75
2,562,0.21354526281356812,0.20842133462429047,0.005123927723616362,0.75,0.875
2,563,1.1295756101608276,1.1186857223510742,0.010889854282140732,0.125,0.25
2,564,0.3742300271987915,0.3638375997543335,0.010392429307103157,0.625,0.625
2,565,0.8569594621658325,0.8413721323013306,0.015587350353598595,0.25,0.375
2,566,0.5876211524009705,0.5773614048957825,0.010259756818413734,0.5,0.5
2,567,0.5482523441314697,0.5372137427330017,0.011038591153919697,0.625,0.625
2,568,0.7407515048980713,0.7358337640762329,0.0049177659675478935,0.5,0.5
2,569,0.7208709716796875,0.7061667442321777,0.014704233035445213,0.5,0.5
2,570,0.5601605176925659,0.5550969839096069,0.005063507705926895,0.625,0.625
2,571,0.9279381632804871,0.9178363084793091,0.010101835243403912,0.375,0.375
2,572,0.469210684299469,0.45956170558929443,0.00964896660298109,0.375,0.625
2,573,0.5981695652008057,0.5910958647727966,0.007073679007589817,0.5,0.5
2,574,0.41269969940185547,0.40499889850616455,0.00770079530775547,0.625,0.625
2,575,0.5727937817573547,0.5572963953018188,0.015497380867600441,0.625,0.625
2,576,0.2209462970495224,0.21284620463848114,0.008100087754428387,0.625,0.875
2,577,0.4336775839328766,0.42653849720954895,0.0071390774101018906,0.5,0.625
2,578,0.6573439836502075,0.642139196395874,0.01520480029284954,0.5,0.5
2,579,1.1087396144866943,1.0982398986816406,0.010499691590666771,0.25,0.25
2,580,0.5764464139938354,0.5663997530937195,0.01004663947969675,0.625,0.625
2,581,0.7408998012542725,0.7324920296669006,0.008407751098275185,0.5,0.5
2,582,0.7499209046363831,0.7364761829376221,0.013444744050502777,0.5,0.5
2,583,1.0167500972747803,1.000758171081543,0.015991969034075737,0.25,0.25
2,584,0.562452495098114,0.552358865737915,0.01009364239871502,0.625,0.625
2,585,1.084303855895996,1.072405219078064,0.011898647993803024,0.125,0.25
2,586,0.7933764457702637,0.7842472791671753,0.00912914052605629,0.375,0.375
2,587,0.7521995306015015,0.741083025932312,0.01111648976802826,0.375,0.5
2,588,0.9261682033538818,0.914562463760376,0.011605752632021904,0.375,0.375
2,589,0.6073725819587708,0.5985742807388306,0.008798293769359589,0.375,0.5
2,590,0.5594724416732788,0.5497682094573975,0.009704219177365303,0.625,0.625
2,591,0.5740633010864258,0.5625376105308533,0.011525719426572323,0.5,0.625
2,592,0.3888595402240753,0.38042157888412476,0.008437953889369965,0.75,0.75
2,593,0.7428489327430725,0.7332829833030701,0.009565976448357105,0.5,0.5
2,594,0.9625191688537598,0.9234780073165894,0.03904116898775101,0.25,0.375
2,595,0.16879458725452423,0.15776295959949493,0.011031625792384148,0.875,0.875
2,596,0.3955579698085785,0.38856959342956543,0.006988369859755039,0.625,0.75
2,597,0.5797868371009827,0.5725307464599609,0.007256105076521635,0.5,0.625
2,598,0.9268677234649658,0.9138073325157166,0.013060376979410648,0.375,0.375
2,599,0.5986051559448242,0.5851768851280212,0.013428272679448128,0.375,0.625
2,600,0.5578463077545166,0.5525990724563599,0.005247216671705246,0.625,0.625
2,601,0.38329198956489563,0.3708568215370178,0.012435175478458405,0.75,0.75
2,602,0.5576362609863281,0.5479716658592224,0.009664606302976608,0.625,0.625
2,603,0.4015319347381592,0.3837960362434387,0.01773589663207531,0.625,0.75
2,604,0.5083274841308594,0.5038800835609436,0.004447379149496555,0.5,0.625
2,605,1.472367286682129,1.4564995765686035,0.015867747366428375,0.0,0.0
2,606,0.5958627462387085,0.5930919647216797,0.002770795952528715,0.5,0.5
2,607,0.9383714199066162,0.9125178456306458,0.025853566825389862,0.25,0.375
2,608,0.3827700614929199,0.37345218658447266,0.009317886084318161,0.75,0.75
2,609,0.7287541627883911,0.7219637036323547,0.006790470331907272,0.5,0.5
2,610,0.7383303642272949,0.7240347266197205,0.01429563108831644,0.5,0.5
2,611,0.5703480243682861,0.5636568665504456,0.006691128946840763,0.625,0.625
2,612,0.7319948077201843,0.7271741628646851,0.004820618312805891,0.5,0.5
2,613,0.9283343553543091,0.9147500395774841,0.013584306463599205,0.25,0.25
2,614,0.7125806212425232,0.6931259036064148,0.019454728811979294,0.375,0.5
2,615,0.4791940450668335,0.46287062764167786,0.01632341369986534,0.5,0.625
2,616,0.26983994245529175,0.2434244006872177,0.02641553245484829,0.5,0.875
2,617,0.3764397203922272,0.37305253744125366,0.0033871731720864773,0.75,0.75
2,618,0.21286894381046295,0.2041815221309662,0.008687418885529041,0.875,0.875
2,619,0.03413810580968857,0.029056480154395103,0.005081626586616039,0.875,1.0
2,620,0.4960435628890991,0.4859255254268646,0.01011803187429905,0.625,0.625
2,621,0.7984314560890198,0.7852006554603577,0.013230806216597557,0.375,0.375
2,622,0.5714696049690247,0.5620898604393005,0.009379735216498375,0.5,0.625
2,623,0.9244915246963501,0.9152026176452637,0.009288923814892769,0.375,0.375
2,624,0.7432963848114014,0.7350226640701294,0.00827370211482048,0.5,0.5
2,625,0.9066464900970459,0.8998817205429077,0.006764797493815422,0.25,0.375
2,626,0.7265903353691101,0.7091144323348999,0.017475921660661697,0.5,0.5
2,627,0.4321557283401489,0.4243333041667938,0.007822426967322826,0.625,0.625
2,628,0.5602613687515259,0.5545578598976135,0.005703506991267204,0.625,0.625
2,629,0.5939850211143494,0.5903214812278748,0.0036635547876358032,0.5,0.5
2,630,0.5682514309883118,0.5590624809265137,0.009188929572701454,0.625,0.625
2,631,0.421689510345459,0.410351037979126,0.011338471435010433,0.625,0.625
2,632,0.22601626813411713,0.2047298699617386,0.02128639817237854,0.75,0.875
2,633,0.8118340373039246,0.8038396835327148,0.007994363084435463,0.25,0.375
2,634,0.599470853805542,0.5741413831710815,0.025329478085041046,0.375,0.625
2,635,0.36867114901542664,0.36040225625038147,0.008268900215625763,0.75,0.75
2,636,1.128534197807312,1.120399832725525,0.008134325966238976,0.0,0.25
2,637,0.7623265981674194,0.7479056715965271,0.014420917257666588,0.375,0.5
2,638,0.8046151995658875,0.7939440011978149,0.010671201162040234,0.25,0.375
2,639,0.8788777589797974,0.8747270703315735,0.004150704946368933,0.25,0.375
2,640,0.5766090154647827,0.5649818181991577,0.011627186089754105,0.5,0.625
2,641,0.4529849886894226,0.43776848912239075,0.015216484665870667,0.625,0.625
2,642,0.5598490238189697,0.5412410497665405,0.01860799267888069,0.5,0.5
2,643,0.631181001663208,0.6264641880989075,0.004716791212558746,0.5,0.5
2,644,0.8982845544815063,0.8890063166618347,0.00927823781967163,0.25,0.375
2,645,0.8367980718612671,0.8275598287582397,0.009238244965672493,0.25,0.375
2,646,0.5684147477149963,0.5554633140563965,0.012951451353728771,0.375,0.625
2,647,0.38081130385398865,0.37282466888427734,0.007986627519130707,0.625,0.75
2,648,0.3885904550552368,0.3840266764163971,0.004563786089420319,0.625,0.75
2,649,0.9130763411521912,0.8975216150283813,0.01555473729968071,0.25,0.375
2,650,0.38476648926734924,0.3733651638031006,0.011401312425732613,0.625,0.75
2,651,0.6912402510643005,0.6827385425567627,0.008501696400344372,0.25,0.5
2,652,0.5309456586837769,0.5156564712524414,0.015289179049432278,0.625,0.625
2,653,0.7719720602035522,0.7441318035125732,0.027840279042720795,0.375,0.5
2,654,0.8846186399459839,0.8759552240371704,0.008663445711135864,0.375,0.375
2,655,0.5938964486122131,0.5863816142082214,0.007514858152717352,0.375,0.5
2,656,0.7717262506484985,0.7573989629745483,0.014327317476272583,0.375,0.375
2,657,0.4013148546218872,0.3931097090244293,0.008205149322748184,0.625,0.75
2,658,0.6820398569107056,0.6670228242874146,0.015017049387097359,0.5,0.5
2,659,0.6502320170402527,0.6466180086135864,0.003614004235714674,0.5,0.5
2,660,0.5746273398399353,0.5675976276397705,0.007029731757938862,0.375,0.625
2,661,0.20302271842956543,0.1995983123779297,0.0034244011621922255,0.75,0.875
2,662,0.7416192293167114,0.7332844734191895,0.00833473727107048,0.5,0.5
2,663,0.37943676114082336,0.3583536148071289,0.021083153784275055,0.75,0.75
2,664,0.5457434058189392,0.5314463376998901,0.01429708767682314,0.5,0.625
2,665,0.9140140414237976,0.904462993144989,0.009551064111292362,0.375,0.375
2,666,1.2915617227554321,1.2771023511886597,0.014459377154707909,0.125,0.125
2,667,0.3844946622848511,0.3704056441783905,0.014089031144976616,0.75,0.75
2,668,0.734073281288147,0.7036921381950378,0.03038114123046398,0.5,0.5
2,669,0.7656475305557251,0.749083399772644,0.016564160585403442,0.375,0.5
2,670,0.4277581572532654,0.41219478845596313,0.01556336972862482,0.5,0.75
2,671,0.3966820538043976,0.3848706781864166,0.01181137003004551,0.75,0.75
2,672,0.9290085434913635,0.9179959893226624,0.011012579314410686,0.375,0.375
2,673,0.2035474330186844,0.194454163312912,0.009093268774449825,0.875,0.875
2,674,1.0834723711013794,1.0792078971862793,0.004264478106051683,0.125,0.25
2,675,0.5738657116889954,0.5689622759819031,0.004903427325189114,0.5,0.625
2,676,0.7423006296157837,0.7286680936813354,0.013632514514029026,0.5,0.5
2,677,0.6415846943855286,0.6281050443649292,0.013479676097631454,0.5,0.5
2,678,0.588875949382782,0.574762225151062,0.014113695360720158,0.5,0.625
2,679,0.2140566110610962,0.20799414813518524,0.006062466651201248,0.75,0.875
2,680,0.9220777153968811,0.9120697975158691,0.010007902048528194,0.375,0.375
2,681,0.7912862300872803,0.7860032320022583,0.0052829934284091,0.375,0.375
2,682,0.9065151810646057,0.8974350094795227,0.009080151095986366,0.375,0.375
2,683,0.9083273410797119,0.9015186429023743,0.006808668375015259,0.25,0.375
2,684,1.1142746210098267,1.1066029071807861,0.007671748287975788,0.125,0.25
2,685,0.5845277309417725,0.5761697888374329,0.008357923477888107,0.5,0.625
2,686,0.9658329486846924,0.949057936668396,0.016775032505393028,0.25,0.25
2,687,0.7458373308181763,0.7422069311141968,0.0036303894594311714,0.375,0.5
2,688,0.593919038772583,0.5894861817359924,0.004432854242622852,0.375,0.625
2,689,1.104230284690857,1.0962300300598145,0.008000263012945652,0.25,0.25
2,690,0.48433777689933777,0.48032158613204956,0.004016178660094738,0.625,0.625
2,691,0.5973212122917175,0.5931069850921631,0.004214255604892969,0.5,0.5
2,692,0.7567226886749268,0.7495313882827759,0.007191287819296122,0.375,0.5
2,693,0.9153028130531311,0.9114899635314941,0.003812831360846758,0.375,0.375
2,694,0.9078375697135925,0.9009966850280762,0.006840912625193596,0.375,0.375
2,695,0.615310788154602,0.612749457359314,0.0025613601319491863,0.375,0.5
2,696,0.5846315622329712,0.5705986618995667,0.014032904990017414,0.5,0.625
2,697,0.3941325843334198,0.3813234567642212,0.01280912384390831,0.75,0.75
2,698,0.7573282122612,0.7512818574905396,0.00604634266346693,0.25,0.5
2,699,0.5585715770721436,0.5468860864639282,0.01168552041053772,0.625,0.625
2,700,0.3779842257499695,0.37446942925453186,0.003514803946018219,0.75,0.75
2,701,0.9015868902206421,0.8877303600311279,0.013856512494385242,0.375,0.375
2,702,0.030582470819354057,0.02018675021827221,0.010395720601081848,1.0,1.0
2,703,0.2778174579143524,0.27269136905670166,0.005126088857650757,0.5,0.75
2,704,0.36151427030563354,0.35444363951683044,0.007070634514093399,0.75,0.75
2,705,0.5605679750442505,0.5529934167861938,0.007574571296572685,0.625,0.625
2,706,0.396364688873291,0.3685283362865448,0.027836352586746216,0.75,0.75
2,707,1.0241800546646118,1.0166677236557007,0.007512389682233334,0.25,0.25
2,708,0.8048878312110901,0.796704888343811,0.008182937279343605,0.25,0.5
2,709,0.9259136915206909,0.9188379645347595,0.0070757558569312096,0.375,0.375
2,710,0.7579126358032227,0.7307910323143005,0.02712157927453518,0.5,0.5
2,711,0.13045798242092133,0.11977187544107437,0.010686102323234081,0.875,0.875
2,712,0.3814193308353424,0.36817240715026855,0.013246936723589897,0.75,0.75
2,713,0.9283838272094727,0.9204227328300476,0.00796106643974781,0.375,0.375
2,714,0.7571480870246887,0.7384692430496216,0.01867881789803505,0.5,0.5
2,715,0.5663646459579468,0.5558544993400574,0.010510167106986046,0.625,0.625
2,716,0.7923276424407959,0.7767314910888672,0.015596178360283375,0.375,0.375
2,717,0.3333997130393982,0.3174798786640167,0.015919823199510574,0.5,0.5
2,718,0.9257075190544128,0.918147087097168,0.007560457568615675,0.375,0.375
2,719,0.5649591088294983,0.5578930974006653,0.0070660300552845,0.625,0.625
2,720,0.4970543682575226,0.49129417538642883,0.0057602073065936565,0.625,0.625
2,721,0.7203138470649719,0.7153432369232178,0.004970600828528404,0.5,0.5
2,722,0.6026045083999634,0.5894994139671326,0.013105122372508049,0.5,0.5
2,723,0.25418996810913086,0.2470608949661255,0.007129074074327946,0.625,0.75
2,724,0.5638288259506226,0.5606307983398438,0.003198035527020693,0.5,0.625
2,725,0.7058344483375549,0.6871986985206604,0.01863572932779789,0.5,0.5
2,726,0.9390609264373779,0.9214251041412354,0.017635822296142578,0.375,0.375
2,727,0.22048354148864746,0.21426767110824585,0.006215870380401611,0.75,0.875
2,728,0.4934469759464264,0.4844648838043213,0.008982084691524506,0.625,0.625
2,729,0.5563767552375793,0.5519376397132874,0.004439132753759623,0.625,0.625
2,730,0.7514773011207581,0.7348825931549072,0.016594726592302322,0.5,0.5
2,731,0.8064591884613037,0.7913253903388977,0.015133809298276901,0.25,0.375
2,732,0.8106150031089783,0.798312783241272,0.012302243150770664,0.375,0.375
2,733,0.555550217628479,0.5508459210395813,0.004704289138317108,0.625,0.625
2,734,0.38033151626586914,0.37158140540122986,0.008750099688768387,0.625,0.75
2,735,0.8444859385490417,0.8348618149757385,0.009624151512980461,0.375,0.375
2,736,1.1042864322662354,1.0968104600906372,0.0074759977869689465,0.25,0.25
2,737,0.9240806102752686,0.9119572639465332,0.01212336402386427,0.375,0.375
2,738,0.5566383600234985,0.5472062826156616,0.009432053193449974,0.625,0.625
2,739,0.7236672043800354,0.7116461992263794,0.012020988389849663,0.5,0.5
2,740,0.7390197515487671,0.7292869091033936,0.009732824750244617,0.5,0.5
2,741,0.3705306351184845,0.3679078221321106,0.0026228101924061775,0.75,0.75
2,742,0.32805630564689636,0.3203001320362091,0.007756162900477648,0.75,0.75
2,743,0.7005763053894043,0.6951537132263184,0.005422612652182579,0.375,0.5
2,744,0.9271094799041748,0.916982889175415,0.010126572102308273,0.25,0.25
2,745,0.40481945872306824,0.39139068126678467,0.01342878770083189,0.625,0.75
2,746,0.7296358346939087,0.7267652750015259,0.0028705415315926075,0.375,0.5
2,747,0.8000609874725342,0.7908681035041809,0.009192892350256443,0.375,0.375
2,748,0.5648545026779175,0.5537061095237732,0.01114841178059578,0.625,0.625
2,749,1.122969150543213,1.1157563924789429,0.007212728727608919,0.125,0.25
2,750,0.4886832535266876,0.4841323792934418,0.00455086026340723,0.625,0.625
2,751,0.5171751379966736,0.5128099322319031,0.004365232307463884,0.625,0.625
2,752,0.3977024555206299,0.3899994492530823,0.007703011389821768,0.625,0.75
2,753,0.5215829610824585,0.5087467432022095,0.012836236506700516,0.625,0.625
2,754,0.9136848449707031,0.8957206606864929,0.017964176833629608,0.375,0.375
2,755,0.7500346899032593,0.7459403276443481,0.00409437483176589,0.375,0.5
2,756,0.961182177066803,0.9422814249992371,0.01890077441930771,0.25,0.375
2,757,0.1529892385005951,0.13735754787921906,0.015631698071956635,0.875,0.875
2,758,0.6105389595031738,0.604548454284668,0.005990499164909124,0.5,0.5
2,759,0.7570121884346008,0.7498408555984497,0.00717130396515131,0.375,0.5
2,760,0.21763931214809418,0.21062566339969635,0.007013645488768816,0.625,0.875
2,761,0.7666340470314026,0.7564305067062378,0.010203511454164982,0.25,0.5
2,762,0.5785892605781555,0.5585622787475586,0.020026974380016327,0.625,0.625
2,763,0.7361676096916199,0.729280412197113,0.00688720541074872,0.5,0.5
2,764,0.7287963628768921,0.726448655128479,0.0023476930800825357,0.5,0.5
2,765,0.7560359239578247,0.7440910339355469,0.011944865807890892,0.375,0.5
2,766,0.37909454107284546,0.36748138070106506,0.011613154783844948,0.75,0.75
2,767,0.16884583234786987,0.15176866948604584,0.017077159136533737,0.625,0.875
2,768,0.40136295557022095,0.38926202058792114,0.012100942432880402,0.625,0.75
2,769,0.6921398043632507,0.6867989301681519,0.005340875126421452,0.5,0.5
2,770,0.40445756912231445,0.3787964880466461,0.02566109225153923,0.75,0.75
2,771,0.5759344696998596,0.5654109120368958,0.010523581877350807,0.5,0.625
2,772,1.101522445678711,1.0938035249710083,0.0077189551666378975,0.25,0.25
2,773,1.2924907207489014,1.2839608192443848,0.008529855869710445,0.125,0.125
2,774,0.43276628851890564,0.42416709661483765,0.008599204942584038,0.625,0.625
2,775,0.7408289313316345,0.730697751045227,0.010131168179214,0.5,0.5
2,776,0.7409704923629761,0.7261148691177368,0.014855601824820042,0.5,0.5
2,777,0.7442184686660767,0.7331033945083618,0.0111150611191988,0.375,0.5
2,778,1.0301120281219482,1.020098328590393,0.010013727471232414,0.125,0.125
2,779,0.9197213649749756,0.9155013561248779,0.004219990223646164,0.375,0.375
2,780,0.5460216403007507,0.5325561165809631,0.013465508818626404,0.5,0.625
2,781,0.5639182329177856,0.5564776062965393,0.007440611720085144,0.625,0.625
2,782,0.7918158769607544,0.7726830244064331,0.0191328264772892,0.25,0.375
2,783,0.9211143255233765,0.9103442430496216,0.010770095512270927,0.375,0.375
2,784,0.43071165680885315,0.3983132541179657,0.032398395240306854,0.625,0.75
2,785,0.6401877403259277,0.6304750442504883,0.009712696075439453,0.25,0.5
2,786,0.7254306077957153,0.7183352708816528,0.007095329463481903,0.5,0.5
2,787,0.40935683250427246,0.40733757615089417,0.002019256353378296,0.375,0.5
2,788,0.7503520846366882,0.7374789714813232,0.01287313736975193,0.5,0.5
2,789,0.38406744599342346,0.37839001417160034,0.00567741971462965,0.75,0.75
2,790,0.6121659278869629,0.5945196747779846,0.017646262422204018,0.5,0.5
2,791,0.9138903617858887,0.905766487121582,0.008123871870338917,0.375,0.375
2,792,0.5757070779800415,0.5571257472038269,0.01858132891356945,0.625,0.625
2,793,0.7556314468383789,0.742692768573761,0.012938707135617733,0.375,0.5
2,794,0.5735824704170227,0.562691330909729,0.010891139507293701,0.5,0.625
2,795,0.6515738368034363,0.6458966135978699,0.005677245557308197,0.5,0.5
2,796,0.7542803287506104,0.7495688796043396,0.00471145287156105,0.25,0.5
2,797,0.6373364329338074,0.6278033256530762,0.009533124044537544,0.5,0.5
2,798,0.5820730924606323,0.5634604692459106,0.018612639978528023,0.625,0.625
2,799,0.7432311177253723,0.7342044711112976,0.009026674553751945,0.5,0.5
2,800,0.8789927959442139,0.8677012920379639,0.01129149179905653,0.375,0.375
2,801,0.7271305918693542,0.7165440320968628,0.010586582124233246,0.5,0.5
2,802,0.450027197599411,0.4446667432785034,0.005360463634133339,0.625,0.625
2,803,0.5117961168289185,0.5087526440620422,0.0030434690415859222,0.5,0.625
2,804,0.5863513350486755,0.5783882141113281,0.007963119074702263,0.375,0.625
2,805,0.5916509032249451,0.5798611640930176,0.011789740063250065,0.5,0.625
2,806,0.5788649320602417,0.5685089826583862,0.010355954989790916,0.5,0.625
2,807,0.5703973174095154,0.5647585391998291,0.005638766102492809,0.625,0.625
2,808,0.7345470190048218,0.729901909828186,0.0046450975351035595,0.5,0.5
2,809,0.7449542284011841,0.7362343072891235,0.008719921112060547,0.375,0.5
2,810,0.8793514370918274,0.8724991083145142,0.006852351129055023,0.25,0.375
2,811,0.2727854549884796,0.25261980295181274,0.020165646448731422,0.625,0.75
2,812,0.5437204837799072,0.5401405692100525,0.003579903393983841,0.625,0.625
2,813,0.9372863173484802,0.9135039448738098,0.023782361298799515,0.375,0.375
2,814,0.21906590461730957,0.2136068195104599,0.0054590776562690735,0.75,0.875
2,815,0.4097015857696533,0.39079391956329346,0.018907669931650162,0.625,0.75
2,816,0.5721791386604309,0.5618875026702881,0.010291608050465584,0.5,0.625
2,817,0.7335576415061951,0.717441737651825,0.016115903854370117,0.5,0.5
2,818,0.5336323380470276,0.5207605361938477,0.012871801853179932,0.5,0.625
2,819,0.5413819551467896,0.5382834076881409,0.0030985253397375345,0.625,0.625
2,820,0.7510638236999512,0.734504222869873,0.016559572890400887,0.5,0.5
2,821,0.38407766819000244,0.3725087344646454,0.011568943038582802,0.75,0.75
2,822,0.38338199257850647,0.3732462525367737,0.010135753080248833,0.75,0.75
2,823,0.7554236054420471,0.737524151802063,0.017899462953209877,0.5,0.5
2,824,0.5703050494194031,0.5610979795455933,0.009207064285874367,0.5,0.625
2,825,0.5800644159317017,0.5580774545669556,0.021986939013004303,0.5,0.625
2,826,0.21681196987628937,0.20860669016838074,0.00820527970790863,0.75,0.875
2,827,0.8034356832504272,0.7893698215484619,0.014065836556255817,0.375,0.375
2,828,0.5532767176628113,0.5462848544120789,0.0069918460212647915,0.625,0.625
2,829,0.36563149094581604,0.3577876687049866,0.007843824103474617,0.625,0.75
2,830,0.41195353865623474,0.39945292472839355,0.012500617653131485,0.625,0.75
2,831,0.575943648815155,0.5497918128967285,0.026151854544878006,0.375,0.5
2,832,1.1085928678512573,1.1035845279693604,0.005008386913686991,0.25,0.25
2,833,0.6035665273666382,0.5908118486404419,0.012754670344293118,0.5,0.5
2,834,0.6397484540939331,0.6349958181381226,0.004752657376229763,0.375,0.5
2,835,0.7366374135017395,0.7338575124740601,0.002779909409582615,0.5,0.5
2,836,0.7019348740577698,0.6908940076828003,0.011040854267776012,0.375,0.5
2,837,0.5605363845825195,0.553284764289856,0.00725160539150238,0.625,0.625
2,838,0.5605567097663879,0.5562818646430969,0.0042748358100652695,0.5,0.625
2,839,0.8953205943107605,0.8837401270866394,0.011580456048250198,0.25,0.375
2,840,0.3823828101158142,0.37128642201423645,0.011096397414803505,0.75,0.75
2,841,1.2006393671035767,1.1932710409164429,0.007368301507085562,0.125,0.125
2,842,0.757601797580719,0.7378839254379272,0.019717855378985405,0.5,0.5
2,843,0.3425712287425995,0.3252326250076294,0.01733860746026039,0.75,0.75
2,844,0.7856965661048889,0.7783265709877014,0.007369996048510075,0.375,0.375
2,845,0.48856088519096375,0.4669368863105774,0.021623993292450905,0.625,0.625
2,846,0.3030993938446045,0.29216858744621277,0.010930807329714298,0.625,0.75
2,847,0.19043274223804474,0.18544504046440125,0.004987708292901516,0.875,0.875
2,848,0.5733254551887512,0.5568372011184692,0.016488274559378624,0.5,0.625
2,849,0.5647826790809631,0.5510662794113159,0.013716395013034344,0.625,0.625
2,850,0.9202877879142761,0.9153670072555542,0.0049207680858671665,0.375,0.375
2,851,0.04560450464487076,0.01980048418045044,0.025804022327065468,1.0,1.0
2,852,0.7485094666481018,0.7337777614593506,0.01473170705139637,0.5,0.5
2,853,1.0410481691360474,1.0370469093322754,0.0040012928657233715,0.25,0.25
2,854,0.8403112292289734,0.824060320854187,0.01625090464949608,0.25,0.375
2,855,0.7281987071037292,0.7218343615531921,0.006364351138472557,0.5,0.5
2,856,1.1021054983139038,1.084306240081787,0.01779926009476185,0.25,0.25
2,857,1.1297998428344727,1.1173031330108643,0.012496686540544033,0.125,0.25
2,858,0.9152637124061584,0.8896068334579468,0.025656888261437416,0.25,0.25
2,859,0.7361432313919067,0.7319853901863098,0.004157824907451868,0.5,0.5
2,860,0.37982645630836487,0.3776188790798187,0.0022075895685702562,0.75,0.75
2,861,0.5580043196678162,0.5499783158302307,0.008026021532714367,0.625,0.625
2,862,0.3867379426956177,0.3737335801124573,0.01300437469035387,0.75,0.75
2,863,0.5608041882514954,0.554752767086029,0.006051409989595413,0.625,0.625
2,864,0.7380801439285278,0.7296379804611206,0.008442169055342674,0.5,0.5
2,865,0.7469375133514404,0.7396238446235657,0.007313678041100502,0.5,0.5
2,866,0.7653090953826904,0.7527356147766113,0.01257346197962761,0.375,0.5
2,867,0.904297947883606,0.8860594630241394,0.018238496035337448,0.375,0.375
2,868,0.7266388535499573,0.7229199409484863,0.0037188923452049494,0.5,0.5
2,869,0.7455336451530457,0.7404245138168335,0.0051091453060507774,0.5,0.5
2,870,0.9136736392974854,0.9079053997993469,0.0057682315818965435,0.375,0.375
2,871,0.6889593601226807,0.6813669204711914,0.007592463865876198,0.25,0.375
2,872,0.9491909742355347,0.8895103931427002,0.059680599719285965,0.25,0.25
2,873,1.0849108695983887,1.0772629976272583,0.007647890131920576,0.25,0.25
2,874,0.5632945895195007,0.5446639657020569,0.01863064616918564,0.625,0.625
2,875,0.5629572868347168,0.5526601672172546,0.010297135449945927,0.625,0.625
2,876,0.7482053637504578,0.7359594106674194,0.012245970778167248,0.5,0.5
2,877,0.5686560273170471,0.5640872120857239,0.004568803124129772,0.5,0.625
2,878,0.21309839189052582,0.19266918301582336,0.020429203286767006,0.875,0.875
2,879,0.48433443903923035,0.4743692874908447,0.009965158067643642,0.5,0.625
2,880,1.2415727376937866,1.2332885265350342,0.00828417856246233,0.125,0.125
2,881,0.6919710636138916,0.6818567514419556,0.01011432521045208,0.5,0.5
2,882,0.22003380954265594,0.210699662566185,0.009334152564406395,0.75,0.875
2,883,0.4722738564014435,0.46600744128227234,0.006266423035413027,0.5,0.625
2,884,0.4770054817199707,0.4697372317314148,0.00726824626326561,0.5,0.625
2,885,0.9463745951652527,0.9383847713470459,0.007989812642335892,0.25,0.25
2,886,0.6142888069152832,0.5985358953475952,0.015752892941236496,0.375,0.5
2,887,0.9225154519081116,0.9141690135002136,0.008346467278897762,0.375,0.375
2,888,0.20028150081634521,0.18834331631660461,0.011938182637095451,0.875,0.875
2,889,0.7484749555587769,0.7378731966018677,0.010601775720715523,0.5,0.5
2,890,0.5558777451515198,0.5504105091094971,0.005467250011861324,0.625,0.625
2,891,0.7231437563896179,0.7146475315093994,0.008496242575347424,0.5,0.5
2,892,0.800960123538971,0.7879283428192139,0.013031785376369953,0.25,0.5
2,893,0.7377749681472778,0.7332499623298645,0.004524983000010252,0.5,0.5
2,894,0.4670395255088806,0.4575682282447815,0.009471295401453972,0.625,0.625
2,895,0.7502073645591736,0.7399499416351318,0.010257422924041748,0.5,0.5
2,896,0.9170576333999634,0.9130094051361084,0.004048210568726063,0.375,0.375
2,897,0.3677073121070862,0.35063543915748596,0.01707187481224537,0.625,0.75
2,898,0.402621865272522,0.3911195993423462,0.011502266861498356,0.625,0.75
2,899,0.7423465251922607,0.7355562448501587,0.006790300831198692,0.375,0.5
2,900,1.1678162813186646,1.1593010425567627,0.008515188470482826,0.125,0.125
2,901,0.7419720888137817,0.724395215511322,0.017576895654201508,0.5,0.5
2,902,0.20418860018253326,0.1953738033771515,0.008814796805381775,0.875,0.875
2,903,0.23234736919403076,0.22805574536323547,0.00429162522777915,0.625,0.875
2,904,0.570067822933197,0.561139702796936,0.008928108960390091,0.5,0.625
